<?xml version="1.0" encoding="utf-8"?>
<cScenarioProperties xmlns:d="http://www.kuju.com/TnT/2003/Delta" d:version="1.0" d:id="202117144">
	<ID>
		<cGUID>
			<UUID>
				<e d:type="sUInt64">5061130533756187788</e>
				<e d:type="sUInt64">10083052801710746009</e>
			</UUID>
			<DevString d:type="cDeltaString">ca6bb48c-bf67-463c-99e9-79d11933ee8b</DevString>
		</cGUID>
	</ID>
	<String/>
	<DisplayName>
		<Localisation-cUserLocalisedString>
			<English d:type="cDeltaString">[GJK] 2G85 1336 Swindon to Cheltenham Spa</English>
			<French d:type="cDeltaString">[GJK] 2G85 1336 Swindon to Cheltenham Spa</French>
			<Italian d:type="cDeltaString">[GJK] 2G85 1336 Swindon to Cheltenham Spa</Italian>
			<German d:type="cDeltaString">[GJK] 2G85 1336 Swindon to Cheltenham Spa</German>
			<Spanish d:type="cDeltaString">[GJK] 2G85 1336 Swindon to Cheltenham Spa</Spanish>
			<Dutch d:type="cDeltaString"></Dutch>
			<Polish d:type="cDeltaString"></Polish>
			<Russian d:type="cDeltaString"></Russian>
			<Other/>
			<Key d:type="cDeltaString">38426d04-7e6f-43c9-8681-8dbdec95232c</Key>
		</Localisation-cUserLocalisedString>
	</DisplayName>
	<Description>
		<Localisation-cUserLocalisedString>
			<English d:type="cDeltaString">On one of the hottest days of the year so far, you&apos;re in charge of the 2G85 service from Swindon to Cheltenham Spa. Everything on the network seems to be going wrong so there are lots of delays - hopefully you won&apos;t be one of them!</English>
			<French d:type="cDeltaString">On one of the hottest days of the year so far, you&apos;re in charge of the 2G85 service from Swindon to Cheltenham Spa. Everything on the network seems to be going wrong so there are lots of delays - hopefully you won&apos;t be one of them!</French>
			<Italian d:type="cDeltaString">On one of the hottest days of the year so far, you&apos;re in charge of the 2G85 service from Swindon to Cheltenham Spa. Everything on the network seems to be going wrong so there are lots of delays - hopefully you won&apos;t be one of them!</Italian>
			<German d:type="cDeltaString">On one of the hottest days of the year so far, you&apos;re in charge of the 2G85 service from Swindon to Cheltenham Spa. Everything on the network seems to be going wrong so there are lots of delays - hopefully you won&apos;t be one of them!</German>
			<Spanish d:type="cDeltaString">On one of the hottest days of the year so far, you&apos;re in charge of the 2G85 service from Swindon to Cheltenham Spa. Everything on the network seems to be going wrong so there are lots of delays - hopefully you won&apos;t be one of them!</Spanish>
			<Dutch d:type="cDeltaString"></Dutch>
			<Polish d:type="cDeltaString"></Polish>
			<Russian d:type="cDeltaString"></Russian>
			<Other/>
			<Key d:type="cDeltaString">2564cfaf-decc-4d3d-8a2f-7d3b1df5e905</Key>
		</Localisation-cUserLocalisedString>
	</Description>
	<Briefing>
		<Localisation-cUserLocalisedString>
			<English d:type="cDeltaString">Hello driver! Welcome aboard unit 150129, which is currently standing at a signal at Standish Jn, south of Gloucester. It&apos;s a sweltering summer&apos;s day, and you are being held here to allow a delayed CrossCountry service to pass. Today you are driving service 2G85, the 1336 from Swindon to Cheltenham Spa, on the leg between Standish Jn and Cheltenham Spa. Ensure your cab is ready so that you can depart immediately once you are given the road: hopefully you should be on time again once you depart Gloucester!

One last thing to note is that there is a temporary speed restriction of 10mph over Barnwood Jn (which you will travel over as you leave Gloucester for Cheltenham) due to the heat causing the tracks to be in danger of buckling. Drive safely! 

=====================Timetable=====================

Gloucester (GCR): Arr 1428 Dep 1433 
Cheltenham Spa (CNM): Arr 1446

==================================================</English>
			<French d:type="cDeltaString">Hello driver! Welcome aboard unit 150129, which is currently standing at a signal at Standish Jn, south of Gloucester. It&apos;s a sweltering summer&apos;s day, and you are being held here to allow a delayed CrossCountry service to pass. Today you are driving service 2G85, the 1336 from Swindon to Cheltenham Spa, on the leg between Standish Jn and Cheltenham Spa. Ensure your cab is ready so that you can depart immediately once you are given the road: hopefully you should be on time again once you depart Gloucester!

One last thing to note is that there is a temporary speed restriction of 10mph over Barnwood Jn (which you will travel over as you leave Gloucester for Cheltenham) due to the heat causing the tracks to be in danger of buckling. Drive safely! 

=====================Timetable=====================

Gloucester (GCR): Arr 1428 Dep 1433 
Cheltenham Spa (CNM): Arr 1446

==================================================</French>
			<Italian d:type="cDeltaString">Hello driver! Welcome aboard unit 150129, which is currently standing at a signal at Standish Jn, south of Gloucester. It&apos;s a sweltering summer&apos;s day, and you are being held here to allow a delayed CrossCountry service to pass. Today you are driving service 2G85, the 1336 from Swindon to Cheltenham Spa, on the leg between Standish Jn and Cheltenham Spa. Ensure your cab is ready so that you can depart immediately once you are given the road: hopefully you should be on time again once you depart Gloucester!

One last thing to note is that there is a temporary speed restriction of 10mph over Barnwood Jn (which you will travel over as you leave Gloucester for Cheltenham) due to the heat causing the tracks to be in danger of buckling. Drive safely! 

=====================Timetable=====================

Gloucester (GCR): Arr 1428 Dep 1433 
Cheltenham Spa (CNM): Arr 1446

==================================================</Italian>
			<German d:type="cDeltaString">Hello driver! Welcome aboard unit 150129, which is currently standing at a signal at Standish Jn, south of Gloucester. It&apos;s a sweltering summer&apos;s day, and you are being held here to allow a delayed CrossCountry service to pass. Today you are driving service 2G85, the 1336 from Swindon to Cheltenham Spa, on the leg between Standish Jn and Cheltenham Spa. Ensure your cab is ready so that you can depart immediately once you are given the road: hopefully you should be on time again once you depart Gloucester!

One last thing to note is that there is a temporary speed restriction of 10mph over Barnwood Jn (which you will travel over as you leave Gloucester for Cheltenham) due to the heat causing the tracks to be in danger of buckling. Drive safely! 

=====================Timetable=====================

Gloucester (GCR): Arr 1428 Dep 1433 
Cheltenham Spa (CNM): Arr 1446

==================================================</German>
			<Spanish d:type="cDeltaString">Hello driver! Welcome aboard unit 150129, which is currently standing at a signal at Standish Jn, south of Gloucester. It&apos;s a sweltering summer&apos;s day, and you are being held here to allow a delayed CrossCountry service to pass. Today you are driving service 2G85, the 1336 from Swindon to Cheltenham Spa, on the leg between Standish Jn and Cheltenham Spa. Ensure your cab is ready so that you can depart immediately once you are given the road: hopefully you should be on time again once you depart Gloucester!

One last thing to note is that there is a temporary speed restriction of 10mph over Barnwood Jn (which you will travel over as you leave Gloucester for Cheltenham) due to the heat causing the tracks to be in danger of buckling. Drive safely! 

=====================Timetable=====================

Gloucester (GCR): Arr 1428 Dep 1433 
Cheltenham Spa (CNM): Arr 1446

==================================================</Spanish>
			<Dutch d:type="cDeltaString"></Dutch>
			<Polish d:type="cDeltaString"></Polish>
			<Russian d:type="cDeltaString"></Russian>
			<Other/>
			<Key d:type="cDeltaString">2ec728b9-2b1e-4f73-9a66-10366b5bbbc1</Key>
		</Localisation-cUserLocalisedString>
	</Briefing>
	<StartLocation>
		<Localisation-cUserLocalisedString>
			<English d:type="cDeltaString">Standish Jn</English>
			<French d:type="cDeltaString"></French>
			<Italian d:type="cDeltaString"></Italian>
			<German d:type="cDeltaString"></German>
			<Spanish d:type="cDeltaString"></Spanish>
			<Dutch d:type="cDeltaString"></Dutch>
			<Polish d:type="cDeltaString"></Polish>
			<Russian d:type="cDeltaString"></Russian>
			<Other/>
			<Key d:type="cDeltaString">45d78587-bb89-4d74-a06c-fc20aaff34d9</Key>
		</Localisation-cUserLocalisedString>
	</StartLocation>
	<ScenarioClass d:type="cDeltaString">eStandardScenarioClass</ScenarioClass>
	<StartTime d:type="sFloat32" d:alt_encoding="000000000023E940" d:precision="string">51480.0000</StartTime>
	<DurationMins d:type="sInt32">30</DurationMins>
	<StartDD d:type="sInt32">26</StartDD>
	<StartMM d:type="sInt32">7</StartMM>
	<StartYYYY d:type="sInt32">2018</StartYYYY>
	<Season d:type="cDeltaString">SEASON_SUMMER</Season>
	<WeatherBlueprint>
		<iBlueprintLibrary-cAbsoluteBlueprintID>
			<BlueprintSetID>
				<iBlueprintLibrary-cBlueprintSetID>
					<Provider d:type="cDeltaString">Kuju</Provider>
					<Product d:type="cDeltaString">RailSimulatorCore</Product>
				</iBlueprintLibrary-cBlueprintSetID>
			</BlueprintSetID>
			<BlueprintID d:type="cDeltaString">Weather\RW_Clear.xml</BlueprintID>
		</iBlueprintLibrary-cAbsoluteBlueprintID>
	</WeatherBlueprint>
	<WeatherExtensionBlueprint>
		<iBlueprintLibrary-cAbsoluteBlueprintID>
			<BlueprintSetID>
				<iBlueprintLibrary-cBlueprintSetID>
					<Provider d:type="cDeltaString"></Provider>
					<Product d:type="cDeltaString"></Product>
				</iBlueprintLibrary-cBlueprintSetID>
			</BlueprintSetID>
			<BlueprintID d:type="cDeltaString"></BlueprintID>
		</iBlueprintLibrary-cAbsoluteBlueprintID>
	</WeatherExtensionBlueprint>
	<Rating d:type="sInt32">2</Rating>
	<LocoClass d:type="cDeltaString">LOCO_NO_CLASS</LocoClass>
	<HasRollingStart d:type="bool">0</HasRollingStart>
	<LoadedFromRollingStart d:type="bool">0</LoadedFromRollingStart>
	<FrontEndDriverList>
		<sDriverFrontEndDetails d:id="248423284">
			<ServiceName>
				<Localisation-cUserLocalisedString>
					<English d:type="cDeltaString">1V55 1205 Manchester Piccadilly to Exeter St Davids</English>
					<French d:type="cDeltaString"></French>
					<Italian d:type="cDeltaString"></Italian>
					<German d:type="cDeltaString"></German>
					<Spanish d:type="cDeltaString"></Spanish>
					<Dutch d:type="cDeltaString"></Dutch>
					<Polish d:type="cDeltaString"></Polish>
					<Russian d:type="cDeltaString"></Russian>
					<Other/>
					<Key d:type="cDeltaString">2135452f-96e0-4725-bd52-cbd6100bc48a</Key>
				</Localisation-cUserLocalisedString>
			</ServiceName>
			<LocoName>
				<Localisation-cUserLocalisedString>
					<English d:type="cDeltaString">JT Class 220 CC F (DMSL)</English>
					<French d:type="cDeltaString">JT Class 220 CC F (DMSL)</French>
					<Italian d:type="cDeltaString">JT Class 220 CC F (DMSL)</Italian>
					<German d:type="cDeltaString">JT Class 220 CC F (DMSL)</German>
					<Spanish d:type="cDeltaString">JT Class 220 CC F (DMSL)</Spanish>
					<Dutch d:type="cDeltaString">JT Class 220 CC F (DMSL)</Dutch>
					<Polish d:type="cDeltaString">JT Class 220 CC F (DMSL)</Polish>
					<Russian d:type="cDeltaString">JT Class 220 CC F (DMSL)</Russian>
					<Other/>
					<Key d:type="cDeltaString">ba7a7477-7f39-4ec3-be81-3732bd3e7bb3</Key>
				</Localisation-cUserLocalisedString>
			</LocoName>
			<LocoBP>
				<iBlueprintLibrary-cAbsoluteBlueprintID>
					<BlueprintSetID>
						<iBlueprintLibrary-cBlueprintSetID>
							<Provider d:type="cDeltaString">JustTrains</Provider>
							<Product d:type="cDeltaString">Voyager</Product>
						</iBlueprintLibrary-cBlueprintSetID>
					</BlueprintSetID>
					<BlueprintID d:type="cDeltaString">RailVehicles\Diesel\220\Brown\Engine\a25_locomotive_220_dmsl_xc.xml</BlueprintID>
				</iBlueprintLibrary-cAbsoluteBlueprintID>
			</LocoBP>
			<StartLocation>
				<Localisation-cUserLocalisedString>
					<English d:type="cDeltaString"></English>
					<French d:type="cDeltaString"></French>
					<Italian d:type="cDeltaString"></Italian>
					<German d:type="cDeltaString"></German>
					<Spanish d:type="cDeltaString"></Spanish>
					<Dutch d:type="cDeltaString"></Dutch>
					<Polish d:type="cDeltaString"></Polish>
					<Russian d:type="cDeltaString"></Russian>
					<Other/>
					<Key d:type="cDeltaString">1dd53edc-35b7-4626-ba08-bec78f8f8dd4</Key>
				</Localisation-cUserLocalisedString>
			</StartLocation>
			<LocoClass d:type="cDeltaString">LOCO_CLASS_DIESEL</LocoClass>
			<LocoAuthor d:type="cDeltaString">JustTrains</LocoAuthor>
			<FilePath d:type="cDeltaString">JustTrains\Voyager\RailVehicles\Diesel\220\Brown\Engine</FilePath>
			<Longitude d:type="sFloat64" d:alt_encoding="4C9A3CAABDD200C0" d:precision="string">-2.1029</Longitude>
			<Latitude d:type="sFloat64" d:alt_encoding="B01715B48FF24940" d:precision="string">51.895</Latitude>
			<Height d:type="sFloat32" d:alt_encoding="00000000930F4740" d:precision="string">46.1217</Height>
			<PlayerDriver d:type="bool">0</PlayerDriver>
		</sDriverFrontEndDetails>
		<sDriverFrontEndDetails d:id="248423012">
			<ServiceName>
				<Localisation-cUserLocalisedString>
					<English d:type="cDeltaString">1M49 0935 Penzance to Manchester Piccadilly</English>
					<French d:type="cDeltaString"></French>
					<Italian d:type="cDeltaString"></Italian>
					<German d:type="cDeltaString"></German>
					<Spanish d:type="cDeltaString"></Spanish>
					<Dutch d:type="cDeltaString"></Dutch>
					<Polish d:type="cDeltaString"></Polish>
					<Russian d:type="cDeltaString"></Russian>
					<Other/>
					<Key d:type="cDeltaString">cec77115-f18a-42fb-927c-8c7f9cbc0c57</Key>
				</Localisation-cUserLocalisedString>
			</ServiceName>
			<LocoName>
				<Localisation-cUserLocalisedString>
					<English d:type="cDeltaString">JT Class 220 CC F (DMSL)</English>
					<French d:type="cDeltaString">JT Class 220 CC F (DMSL)</French>
					<Italian d:type="cDeltaString">JT Class 220 CC F (DMSL)</Italian>
					<German d:type="cDeltaString">JT Class 220 CC F (DMSL)</German>
					<Spanish d:type="cDeltaString">JT Class 220 CC F (DMSL)</Spanish>
					<Dutch d:type="cDeltaString">JT Class 220 CC F (DMSL)</Dutch>
					<Polish d:type="cDeltaString">JT Class 220 CC F (DMSL)</Polish>
					<Russian d:type="cDeltaString">JT Class 220 CC F (DMSL)</Russian>
					<Other/>
					<Key d:type="cDeltaString">7a0aafbd-ddf7-4d9b-9e63-1ceb1f974cee</Key>
				</Localisation-cUserLocalisedString>
			</LocoName>
			<LocoBP>
				<iBlueprintLibrary-cAbsoluteBlueprintID>
					<BlueprintSetID>
						<iBlueprintLibrary-cBlueprintSetID>
							<Provider d:type="cDeltaString">JustTrains</Provider>
							<Product d:type="cDeltaString">Voyager</Product>
						</iBlueprintLibrary-cBlueprintSetID>
					</BlueprintSetID>
					<BlueprintID d:type="cDeltaString">RailVehicles\Diesel\220\Brown\Engine\a25_locomotive_220_dmsl_xc.xml</BlueprintID>
				</iBlueprintLibrary-cAbsoluteBlueprintID>
			</LocoBP>
			<StartLocation>
				<Localisation-cUserLocalisedString>
					<English d:type="cDeltaString">Cam &amp; Dursley Platform 1</English>
					<French d:type="cDeltaString"></French>
					<Italian d:type="cDeltaString"></Italian>
					<German d:type="cDeltaString"></German>
					<Spanish d:type="cDeltaString"></Spanish>
					<Dutch d:type="cDeltaString"></Dutch>
					<Polish d:type="cDeltaString"></Polish>
					<Russian d:type="cDeltaString"></Russian>
					<Other/>
					<Key d:type="cDeltaString">36bce811-d3c1-43fd-ab06-feb469255941</Key>
				</Localisation-cUserLocalisedString>
			</StartLocation>
			<LocoClass d:type="cDeltaString">LOCO_CLASS_DIESEL</LocoClass>
			<LocoAuthor d:type="cDeltaString">JustTrains</LocoAuthor>
			<FilePath d:type="cDeltaString">JustTrains\Voyager\RailVehicles\Diesel\220\Brown\Engine</FilePath>
			<Longitude d:type="sFloat64" d:alt_encoding="DC938EAAB7DE02C0" d:precision="string">-2.35875</Longitude>
			<Latitude d:type="sFloat64" d:alt_encoding="A49C6E0CDDDB4940" d:precision="string">51.7177</Latitude>
			<Height d:type="sFloat32" d:alt_encoding="00000020A0DB3140" d:precision="string">17.8579</Height>
			<PlayerDriver d:type="bool">0</PlayerDriver>
		</sDriverFrontEndDetails>
		<sDriverFrontEndDetails d:id="248422536">
			<ServiceName>
				<Localisation-cUserLocalisedString>
					<English d:type="cDeltaString">1L67 1436 Cheltenham Spa to London Paddington</English>
					<French d:type="cDeltaString"></French>
					<Italian d:type="cDeltaString"></Italian>
					<German d:type="cDeltaString"></German>
					<Spanish d:type="cDeltaString"></Spanish>
					<Dutch d:type="cDeltaString"></Dutch>
					<Polish d:type="cDeltaString"></Polish>
					<Russian d:type="cDeltaString"></Russian>
					<Other/>
					<Key d:type="cDeltaString">600cff54-c8f8-4483-9eab-a3ebcc33abd6</Key>
				</Localisation-cUserLocalisedString>
			</ServiceName>
			<LocoName>
				<Localisation-cUserLocalisedString>
					<English d:type="cDeltaString">High Speed Train First Great Western AP</English>
					<French d:type="cDeltaString"></French>
					<Italian d:type="cDeltaString"></Italian>
					<German d:type="cDeltaString"></German>
					<Spanish d:type="cDeltaString"></Spanish>
					<Dutch d:type="cDeltaString"></Dutch>
					<Polish d:type="cDeltaString"></Polish>
					<Russian d:type="cDeltaString"></Russian>
					<Other/>
					<Key d:type="cDeltaString">a112b865-43c3-478d-bd05-e5c74f872a0b</Key>
				</Localisation-cUserLocalisedString>
			</LocoName>
			<LocoBP>
				<iBlueprintLibrary-cAbsoluteBlueprintID>
					<BlueprintSetID>
						<iBlueprintLibrary-cBlueprintSetID>
							<Provider d:type="cDeltaString">Kuju</Provider>
							<Product d:type="cDeltaString">RailSimulator</Product>
						</iBlueprintLibrary-cBlueprintSetID>
					</BlueprintSetID>
					<BlueprintID d:type="cDeltaString">RailVehicles\Diesel\HST\FGW_AP\Class43\class43_fgw_nd.xml</BlueprintID>
				</iBlueprintLibrary-cAbsoluteBlueprintID>
			</LocoBP>
			<StartLocation>
				<Localisation-cUserLocalisedString>
					<English d:type="cDeltaString">Cheltenham Spa Platform 1</English>
					<French d:type="cDeltaString"></French>
					<Italian d:type="cDeltaString"></Italian>
					<German d:type="cDeltaString"></German>
					<Spanish d:type="cDeltaString"></Spanish>
					<Dutch d:type="cDeltaString"></Dutch>
					<Polish d:type="cDeltaString"></Polish>
					<Russian d:type="cDeltaString"></Russian>
					<Other/>
					<Key d:type="cDeltaString">d2c3d289-e784-4327-aa5c-8ff7254bac59</Key>
				</Localisation-cUserLocalisedString>
			</StartLocation>
			<LocoClass d:type="cDeltaString">LOCO_CLASS_DIESEL</LocoClass>
			<LocoAuthor d:type="cDeltaString">Kuju</LocoAuthor>
			<FilePath d:type="cDeltaString">Kuju\RailSimulator\RailVehicles\Diesel\HST\FGW_AP\Class43</FilePath>
			<Longitude d:type="sFloat64" d:alt_encoding="52A510A943CC00C0" d:precision="string">-2.09974</Longitude>
			<Latitude d:type="sFloat64" d:alt_encoding="50199C0CDFF24940" d:precision="string">51.8974</Latitude>
			<Height d:type="sFloat32" d:alt_encoding="0000002033DA4640" d:precision="string">45.7047</Height>
			<PlayerDriver d:type="bool">0</PlayerDriver>
		</sDriverFrontEndDetails>
		<sDriverFrontEndDetails d:id="248422740">
			<ServiceName>
				<Localisation-cUserLocalisedString>
					<English d:type="cDeltaString">1V09 1207 Nottingham to Cardiff Central</English>
					<French d:type="cDeltaString"></French>
					<Italian d:type="cDeltaString"></Italian>
					<German d:type="cDeltaString"></German>
					<Spanish d:type="cDeltaString"></Spanish>
					<Dutch d:type="cDeltaString"></Dutch>
					<Polish d:type="cDeltaString"></Polish>
					<Russian d:type="cDeltaString"></Russian>
					<Other/>
					<Key d:type="cDeltaString">61df1719-ee3c-46a6-95d5-4923892dfb26</Key>
				</Localisation-cUserLocalisedString>
			</ServiceName>
			<LocoName>
				<Localisation-cUserLocalisedString>
					<English d:type="cDeltaString">Class 170 CrossCountry AP</English>
					<French d:type="cDeltaString"></French>
					<Italian d:type="cDeltaString"></Italian>
					<German d:type="cDeltaString"></German>
					<Spanish d:type="cDeltaString"></Spanish>
					<Dutch d:type="cDeltaString"></Dutch>
					<Polish d:type="cDeltaString"></Polish>
					<Russian d:type="cDeltaString"></Russian>
					<Other/>
					<Key d:type="cDeltaString">Description</Key>
				</Localisation-cUserLocalisedString>
			</LocoName>
			<LocoBP>
				<iBlueprintLibrary-cAbsoluteBlueprintID>
					<BlueprintSetID>
						<iBlueprintLibrary-cBlueprintSetID>
							<Provider d:type="cDeltaString">Thomson</Provider>
							<Product d:type="cDeltaString">Class170Pack01</Product>
						</iBlueprintLibrary-cBlueprintSetID>
					</BlueprintSetID>
					<BlueprintID d:type="cDeltaString">RailVehicles\Class170\XC_AP\Engine\Class170_DMSL.xml</BlueprintID>
				</iBlueprintLibrary-cAbsoluteBlueprintID>
			</LocoBP>
			<StartLocation>
				<Localisation-cUserLocalisedString>
					<English d:type="cDeltaString">Gloucester Platform2</English>
					<French d:type="cDeltaString"></French>
					<Italian d:type="cDeltaString"></Italian>
					<German d:type="cDeltaString"></German>
					<Spanish d:type="cDeltaString"></Spanish>
					<Dutch d:type="cDeltaString"></Dutch>
					<Polish d:type="cDeltaString"></Polish>
					<Russian d:type="cDeltaString"></Russian>
					<Other/>
					<Key d:type="cDeltaString">07307396-69ea-42d9-b0de-2e80033f9b79</Key>
				</Localisation-cUserLocalisedString>
			</StartLocation>
			<LocoClass d:type="cDeltaString">LOCO_CLASS_DIESEL</LocoClass>
			<LocoAuthor d:type="cDeltaString">Thomson</LocoAuthor>
			<FilePath d:type="cDeltaString">Thomson\Class170Pack01\RailVehicles\Class170\XC_AP\Engine</FilePath>
			<Longitude d:type="sFloat64" d:alt_encoding="10FDB3BDEFE701C0" d:precision="string">-2.23825</Longitude>
			<Latitude d:type="sFloat64" d:alt_encoding="4973EAC0C3EE4940" d:precision="string">51.8653</Latitude>
			<Height d:type="sFloat32" d:alt_encoding="000000C0599A2B40" d:precision="string">13.8015</Height>
			<PlayerDriver d:type="bool">0</PlayerDriver>
		</sDriverFrontEndDetails>
		<sDriverFrontEndDetails d:id="248424848">
			<ServiceName>
				<Localisation-cUserLocalisedString>
					<English d:type="cDeltaString">1V54 0935 Newcastle to Plymouth</English>
					<French d:type="cDeltaString"></French>
					<Italian d:type="cDeltaString"></Italian>
					<German d:type="cDeltaString"></German>
					<Spanish d:type="cDeltaString"></Spanish>
					<Dutch d:type="cDeltaString"></Dutch>
					<Polish d:type="cDeltaString"></Polish>
					<Russian d:type="cDeltaString"></Russian>
					<Other/>
					<Key d:type="cDeltaString">b77a1ff6-65ff-4349-8d64-3067bf879b52</Key>
				</Localisation-cUserLocalisedString>
			</ServiceName>
			<LocoName>
				<Localisation-cUserLocalisedString>
					<English d:type="cDeltaString">High Speed Train CrossCountry AP</English>
					<French d:type="cDeltaString"></French>
					<Italian d:type="cDeltaString"></Italian>
					<German d:type="cDeltaString"></German>
					<Spanish d:type="cDeltaString"></Spanish>
					<Dutch d:type="cDeltaString"></Dutch>
					<Polish d:type="cDeltaString"></Polish>
					<Russian d:type="cDeltaString"></Russian>
					<Other/>
					<Key d:type="cDeltaString">b75972a0-ef0f-4474-b190-f970273fc876</Key>
				</Localisation-cUserLocalisedString>
			</LocoName>
			<LocoBP>
				<iBlueprintLibrary-cAbsoluteBlueprintID>
					<BlueprintSetID>
						<iBlueprintLibrary-cBlueprintSetID>
							<Provider d:type="cDeltaString">Kuju</Provider>
							<Product d:type="cDeltaString">RailSimulator</Product>
						</iBlueprintLibrary-cBlueprintSetID>
					</BlueprintSetID>
					<BlueprintID d:type="cDeltaString">RailVehicles\Diesel\HST\XC_AP\Class43\class43_fgw_nd.xml</BlueprintID>
				</iBlueprintLibrary-cAbsoluteBlueprintID>
			</LocoBP>
			<StartLocation>
				<Localisation-cUserLocalisedString>
					<English d:type="cDeltaString"></English>
					<French d:type="cDeltaString"></French>
					<Italian d:type="cDeltaString"></Italian>
					<German d:type="cDeltaString"></German>
					<Spanish d:type="cDeltaString"></Spanish>
					<Dutch d:type="cDeltaString"></Dutch>
					<Polish d:type="cDeltaString"></Polish>
					<Russian d:type="cDeltaString"></Russian>
					<Other/>
					<Key d:type="cDeltaString">f9c8eac7-af00-4784-9e83-6a9b93d103e0</Key>
				</Localisation-cUserLocalisedString>
			</StartLocation>
			<LocoClass d:type="cDeltaString">LOCO_CLASS_DIESEL</LocoClass>
			<LocoAuthor d:type="cDeltaString">Kuju</LocoAuthor>
			<FilePath d:type="cDeltaString">Kuju\RailSimulator\RailVehicles\Diesel\HST\XC_AP\Class43</FilePath>
			<Longitude d:type="sFloat64" d:alt_encoding="F9B2CBCA0B3502C0" d:precision="string">-2.2759</Longitude>
			<Latitude d:type="sFloat64" d:alt_encoding="E0C7F7F234E44940" d:precision="string">51.7829</Latitude>
			<Height d:type="sFloat32" d:alt_encoding="000000A075654640" d:precision="string">44.7927</Height>
			<PlayerDriver d:type="bool">0</PlayerDriver>
		</sDriverFrontEndDetails>
		<sDriverFrontEndDetails d:id="248421788">
			<ServiceName>
				<Localisation-cUserLocalisedString>
					<English d:type="cDeltaString">2G60 1217 Maesteg to Gloucester</English>
					<French d:type="cDeltaString"></French>
					<Italian d:type="cDeltaString"></Italian>
					<German d:type="cDeltaString"></German>
					<Spanish d:type="cDeltaString"></Spanish>
					<Dutch d:type="cDeltaString"></Dutch>
					<Polish d:type="cDeltaString"></Polish>
					<Russian d:type="cDeltaString"></Russian>
					<Other/>
					<Key d:type="cDeltaString">03f502e4-8fb8-4895-b13c-2042e710bbc2</Key>
				</Localisation-cUserLocalisedString>
			</ServiceName>
			<LocoName>
				<Localisation-cUserLocalisedString>
					<English d:type="cDeltaString">Class 143 DMSL - Arriva Trains Wales nd</English>
					<French d:type="cDeltaString"></French>
					<Italian d:type="cDeltaString"></Italian>
					<German d:type="cDeltaString"></German>
					<Spanish d:type="cDeltaString"></Spanish>
					<Dutch d:type="cDeltaString"></Dutch>
					<Polish d:type="cDeltaString"></Polish>
					<Russian d:type="cDeltaString"></Russian>
					<Other/>
					<Key d:type="cDeltaString">RS_TXT_CL143_FGW</Key>
				</Localisation-cUserLocalisedString>
			</LocoName>
			<LocoBP>
				<iBlueprintLibrary-cAbsoluteBlueprintID>
					<BlueprintSetID>
						<iBlueprintLibrary-cBlueprintSetID>
							<Provider d:type="cDeltaString">DTG</Provider>
							<Product d:type="cDeltaString">Class143Pack03</Product>
						</iBlueprintLibrary-cBlueprintSetID>
					</BlueprintSetID>
					<BlueprintID d:type="cDeltaString">RailVehicles\Diesel\Class143\Default\Engine\Class143_DMSL_nd.xml</BlueprintID>
				</iBlueprintLibrary-cAbsoluteBlueprintID>
			</LocoBP>
			<StartLocation>
				<Localisation-cUserLocalisedString>
					<English d:type="cDeltaString"></English>
					<French d:type="cDeltaString"></French>
					<Italian d:type="cDeltaString"></Italian>
					<German d:type="cDeltaString"></German>
					<Spanish d:type="cDeltaString"></Spanish>
					<Dutch d:type="cDeltaString"></Dutch>
					<Polish d:type="cDeltaString"></Polish>
					<Russian d:type="cDeltaString"></Russian>
					<Other/>
					<Key d:type="cDeltaString">c07a7db7-9bef-4230-8e23-c05484b2b911</Key>
				</Localisation-cUserLocalisedString>
			</StartLocation>
			<LocoClass d:type="cDeltaString">LOCO_CLASS_DIESEL</LocoClass>
			<LocoAuthor d:type="cDeltaString">DTG</LocoAuthor>
			<FilePath d:type="cDeltaString">DTG\Class143Pack03\RailVehicles\Diesel\Class143\Default\Engine</FilePath>
			<Longitude d:type="sFloat64" d:alt_encoding="7B2A38BE140402C0" d:precision="string">-2.25199</Longitude>
			<Latitude d:type="sFloat64" d:alt_encoding="0EA22A8E89EF4940" d:precision="string">51.8714</Latitude>
			<Height d:type="sFloat32" d:alt_encoding="000000E031262540" d:precision="string">10.5746</Height>
			<PlayerDriver d:type="bool">0</PlayerDriver>
		</sDriverFrontEndDetails>
		<sDriverFrontEndDetails d:id="248422468">
			<ServiceName>
				<Localisation-cUserLocalisedString>
					<English d:type="cDeltaString">2V90 1110 Weymouth to Gloucester</English>
					<French d:type="cDeltaString"></French>
					<Italian d:type="cDeltaString"></Italian>
					<German d:type="cDeltaString"></German>
					<Spanish d:type="cDeltaString"></Spanish>
					<Dutch d:type="cDeltaString"></Dutch>
					<Polish d:type="cDeltaString"></Polish>
					<Russian d:type="cDeltaString"></Russian>
					<Other/>
					<Key d:type="cDeltaString">538d88fe-8265-4f95-a866-74cb0693e0e2</Key>
				</Localisation-cUserLocalisedString>
			</ServiceName>
			<LocoName>
				<Localisation-cUserLocalisedString>
					<English d:type="cDeltaString">Class 150/1 First Great Western AP</English>
					<French d:type="cDeltaString"></French>
					<Italian d:type="cDeltaString"></Italian>
					<German d:type="cDeltaString"></German>
					<Spanish d:type="cDeltaString"></Spanish>
					<Dutch d:type="cDeltaString"></Dutch>
					<Polish d:type="cDeltaString"></Polish>
					<Russian d:type="cDeltaString"></Russian>
					<Other/>
					<Key d:type="cDeltaString">0e71c380-96a2-4ac4-b33c-050f2887bc05</Key>
				</Localisation-cUserLocalisedString>
			</LocoName>
			<LocoBP>
				<iBlueprintLibrary-cAbsoluteBlueprintID>
					<BlueprintSetID>
						<iBlueprintLibrary-cBlueprintSetID>
							<Provider d:type="cDeltaString">DTG</Provider>
							<Product d:type="cDeltaString">Class150Pack01</Product>
						</iBlueprintLibrary-cBlueprintSetID>
					</BlueprintSetID>
					<BlueprintID d:type="cDeltaString">RailVehicles\Diesel\FGW_AP\150_DMS_AP.xml</BlueprintID>
				</iBlueprintLibrary-cAbsoluteBlueprintID>
			</LocoBP>
			<StartLocation>
				<Localisation-cUserLocalisedString>
					<English d:type="cDeltaString"></English>
					<French d:type="cDeltaString"></French>
					<Italian d:type="cDeltaString"></Italian>
					<German d:type="cDeltaString"></German>
					<Spanish d:type="cDeltaString"></Spanish>
					<Dutch d:type="cDeltaString"></Dutch>
					<Polish d:type="cDeltaString"></Polish>
					<Russian d:type="cDeltaString"></Russian>
					<Other/>
					<Key d:type="cDeltaString">5f44f209-5686-49b2-a2fc-76b543f93edd</Key>
				</Localisation-cUserLocalisedString>
			</StartLocation>
			<LocoClass d:type="cDeltaString">LOCO_CLASS_DIESEL</LocoClass>
			<LocoAuthor d:type="cDeltaString">DTG</LocoAuthor>
			<FilePath d:type="cDeltaString">DTG\Class150Pack01\RailVehicles\Diesel\FGW_AP</FilePath>
			<Longitude d:type="sFloat64" d:alt_encoding="F6E6BA7FBC5602C0" d:precision="string">-2.29235</Longitude>
			<Latitude d:type="sFloat64" d:alt_encoding="B5E02258CDDF4940" d:precision="string">51.7485</Latitude>
			<Height d:type="sFloat32" d:alt_encoding="0000004051063940" d:precision="string">25.0247</Height>
			<PlayerDriver d:type="bool">0</PlayerDriver>
		</sDriverFrontEndDetails>
		<sDriverFrontEndDetails d:id="248425120">
			<ServiceName>
				<Localisation-cUserLocalisedString>
					<English d:type="cDeltaString">2G85 1336 Swindon to Cheltenham Spa</English>
					<French d:type="cDeltaString"></French>
					<Italian d:type="cDeltaString"></Italian>
					<German d:type="cDeltaString"></German>
					<Spanish d:type="cDeltaString"></Spanish>
					<Dutch d:type="cDeltaString"></Dutch>
					<Polish d:type="cDeltaString"></Polish>
					<Russian d:type="cDeltaString"></Russian>
					<Other/>
					<Key d:type="cDeltaString">f1251144-395e-484c-a7e9-87b365327a57</Key>
				</Localisation-cUserLocalisedString>
			</ServiceName>
			<LocoName>
				<Localisation-cUserLocalisedString>
					<English d:type="cDeltaString">Class 150/1 First Great Western AP</English>
					<French d:type="cDeltaString"></French>
					<Italian d:type="cDeltaString"></Italian>
					<German d:type="cDeltaString"></German>
					<Spanish d:type="cDeltaString"></Spanish>
					<Dutch d:type="cDeltaString"></Dutch>
					<Polish d:type="cDeltaString"></Polish>
					<Russian d:type="cDeltaString"></Russian>
					<Other/>
					<Key d:type="cDeltaString">f5e54916-4c4e-4515-82eb-db88f569bc71</Key>
				</Localisation-cUserLocalisedString>
			</LocoName>
			<LocoBP>
				<iBlueprintLibrary-cAbsoluteBlueprintID>
					<BlueprintSetID>
						<iBlueprintLibrary-cBlueprintSetID>
							<Provider d:type="cDeltaString">DTG</Provider>
							<Product d:type="cDeltaString">Class150Pack01</Product>
						</iBlueprintLibrary-cBlueprintSetID>
					</BlueprintSetID>
					<BlueprintID d:type="cDeltaString">RailVehicles\Diesel\FGW_AP\150_DMSL_AP.xml</BlueprintID>
				</iBlueprintLibrary-cAbsoluteBlueprintID>
			</LocoBP>
			<StartLocation>
				<Localisation-cUserLocalisedString>
					<English d:type="cDeltaString"></English>
					<French d:type="cDeltaString"></French>
					<Italian d:type="cDeltaString"></Italian>
					<German d:type="cDeltaString"></German>
					<Spanish d:type="cDeltaString"></Spanish>
					<Dutch d:type="cDeltaString"></Dutch>
					<Polish d:type="cDeltaString"></Polish>
					<Russian d:type="cDeltaString"></Russian>
					<Other/>
					<Key d:type="cDeltaString">b603b0ad-d9a3-4f5a-b4e2-1bfebb6e1ea1</Key>
				</Localisation-cUserLocalisedString>
			</StartLocation>
			<LocoClass d:type="cDeltaString">LOCO_CLASS_DIESEL</LocoClass>
			<LocoAuthor d:type="cDeltaString">DTG</LocoAuthor>
			<FilePath d:type="cDeltaString">DTG\Class150Pack01\RailVehicles\Diesel\FGW_AP</FilePath>
			<Longitude d:type="sFloat64" d:alt_encoding="3F85509D494902C0" d:precision="string">-2.28578</Longitude>
			<Latitude d:type="sFloat64" d:alt_encoding="73B3D6C921E24940" d:precision="string">51.7667</Latitude>
			<Height d:type="sFloat32" d:alt_encoding="000000C0E9C94340" d:precision="string">39.5774</Height>
			<PlayerDriver d:type="bool">1</PlayerDriver>
		</sDriverFrontEndDetails>
		<sDriverFrontEndDetails d:id="248422128">
			<ServiceName>
				<Localisation-cUserLocalisedString>
					<English d:type="cDeltaString">643U 1022 Corby B.S.C. to Margam T.C.</English>
					<French d:type="cDeltaString"></French>
					<Italian d:type="cDeltaString"></Italian>
					<German d:type="cDeltaString"></German>
					<Spanish d:type="cDeltaString"></Spanish>
					<Dutch d:type="cDeltaString"></Dutch>
					<Polish d:type="cDeltaString"></Polish>
					<Russian d:type="cDeltaString"></Russian>
					<Other/>
					<Key d:type="cDeltaString">f4a4e099-246f-486d-8cb4-48e28ec00633</Key>
				</Localisation-cUserLocalisedString>
			</ServiceName>
			<LocoName>
				<Localisation-cUserLocalisedString>
					<English d:type="cDeltaString">Class 66 Freightliner PowerHaul AP</English>
					<French d:type="cDeltaString"></French>
					<Italian d:type="cDeltaString"></Italian>
					<German d:type="cDeltaString"></German>
					<Spanish d:type="cDeltaString"></Spanish>
					<Dutch d:type="cDeltaString"></Dutch>
					<Polish d:type="cDeltaString"></Polish>
					<Russian d:type="cDeltaString"></Russian>
					<Other/>
					<Key d:type="cDeltaString">306e63ff-ac60-4b20-b90e-0895d440be94</Key>
				</Localisation-cUserLocalisedString>
			</LocoName>
			<LocoBP>
				<iBlueprintLibrary-cAbsoluteBlueprintID>
					<BlueprintSetID>
						<iBlueprintLibrary-cBlueprintSetID>
							<Provider d:type="cDeltaString">RSC</Provider>
							<Product d:type="cDeltaString">Class66Pack02</Product>
						</iBlueprintLibrary-cBlueprintSetID>
					</BlueprintSetID>
					<BlueprintID d:type="cDeltaString">RailVehicles\Diesel\Class 66\FLPH_AP\emd_66.xml</BlueprintID>
				</iBlueprintLibrary-cAbsoluteBlueprintID>
			</LocoBP>
			<StartLocation>
				<Localisation-cUserLocalisedString>
					<English d:type="cDeltaString"></English>
					<French d:type="cDeltaString"></French>
					<Italian d:type="cDeltaString"></Italian>
					<German d:type="cDeltaString"></German>
					<Spanish d:type="cDeltaString"></Spanish>
					<Dutch d:type="cDeltaString"></Dutch>
					<Polish d:type="cDeltaString"></Polish>
					<Russian d:type="cDeltaString"></Russian>
					<Other/>
					<Key d:type="cDeltaString">c89ac83a-4178-4fde-a2f4-adcd60ebe55c</Key>
				</Localisation-cUserLocalisedString>
			</StartLocation>
			<LocoClass d:type="cDeltaString">LOCO_CLASS_DIESEL</LocoClass>
			<LocoAuthor d:type="cDeltaString">RSC</LocoAuthor>
			<FilePath d:type="cDeltaString">RSC\Class66Pack02\RailVehicles\Diesel\Class 66\FLPH_AP</FilePath>
			<Longitude d:type="sFloat64" d:alt_encoding="C2D4BB86AFC400C0" d:precision="string">-2.09604</Longitude>
			<Latitude d:type="sFloat64" d:alt_encoding="EA1DDCF3DFF34940" d:precision="string">51.9053</Latitude>
			<Height d:type="sFloat32" d:alt_encoding="000000C065714540" d:precision="string">42.8859</Height>
			<PlayerDriver d:type="bool">0</PlayerDriver>
		</sDriverFrontEndDetails>
	</FrontEndDriverList>
	<RequiredSet>
		<iBlueprintLibrary-cBlueprintSetID d:id="151102766">
			<Provider d:type="cDeltaString">DTG</Provider>
			<Product d:type="cDeltaString">Class143Pack03</Product>
		</iBlueprintLibrary-cBlueprintSetID>
		<iBlueprintLibrary-cBlueprintSetID d:id="151102768">
			<Provider d:type="cDeltaString">DTG</Provider>
			<Product d:type="cDeltaString">Class150Pack01</Product>
		</iBlueprintLibrary-cBlueprintSetID>
		<iBlueprintLibrary-cBlueprintSetID d:id="151102770">
			<Provider d:type="cDeltaString">JustTrains</Provider>
			<Product d:type="cDeltaString">Voyager</Product>
		</iBlueprintLibrary-cBlueprintSetID>
		<iBlueprintLibrary-cBlueprintSetID d:id="151102772">
			<Provider d:type="cDeltaString">Kuju</Provider>
			<Product d:type="cDeltaString">RailSimulator</Product>
		</iBlueprintLibrary-cBlueprintSetID>
		<iBlueprintLibrary-cBlueprintSetID d:id="151102774">
			<Provider d:type="cDeltaString">RSC</Provider>
			<Product d:type="cDeltaString">Class66Pack02</Product>
		</iBlueprintLibrary-cBlueprintSetID>
		<iBlueprintLibrary-cBlueprintSetID d:id="151102776">
			<Provider d:type="cDeltaString">Thomson</Provider>
			<Product d:type="cDeltaString">Class170Pack01</Product>
		</iBlueprintLibrary-cBlueprintSetID>
	</RequiredSet>
	<Gizmo>
		<cOwnedEntity d:id="195707200">
			<Component>
				<cEditorSceneryRender d:id="202184604">
					<DetailLevel d:type="sInt32">10</DetailLevel>
					<Global d:type="bool">0</Global>
					<Saved d:type="bool">1</Saved>
					<Palette0Index d:type="sUInt8">0</Palette0Index>
					<Palette1Index d:type="sUInt8">227</Palette1Index>
					<Palette2Index d:type="sUInt8">193</Palette2Index>
				</cEditorSceneryRender>
				<cPosOri d:id="202186596">
					<Scale d:numElements="4" d:elementType="sFloat32" d:precision="string">1.0000000 1.0000000 1.0000000 0.0000000</Scale>
					<RFarMatrix>
						<cFarMatrix d:id="202186602">
							<Height d:type="sFloat32" d:alt_encoding="000000E0AEB53040" d:precision="string">16.7097</Height>
							<RXAxis d:numElements="4" d:elementType="sFloat32" d:precision="string">1.0000000 0.0000000 0.0000000 0.0000000</RXAxis>
							<RYAxis d:numElements="4" d:elementType="sFloat32" d:precision="string">0.0000000 1.0000000 0.0000000 0.0000000</RYAxis>
							<RZAxis d:numElements="4" d:elementType="sFloat32" d:precision="string">0.0000000 0.0000000 1.0000000 0.0000000</RZAxis>
							<RFarPosition>
								<cFarVector2 d:id="202186609">
									<X>
										<cFarCoordinate>
											<RouteCoordinate>
												<cRouteCoordinate>
													<Distance d:type="sInt32">0</Distance>
												</cRouteCoordinate>
											</RouteCoordinate>
											<TileCoordinate>
												<cTileCoordinate>
													<Distance d:type="sFloat32" d:alt_encoding="000000C0EA1D963F" d:precision="string">0.0215985</Distance>
												</cTileCoordinate>
											</TileCoordinate>
										</cFarCoordinate>
									</X>
									<Z>
										<cFarCoordinate>
											<RouteCoordinate>
												<cRouteCoordinate>
													<Distance d:type="sInt32">-1</Distance>
												</cRouteCoordinate>
											</RouteCoordinate>
											<TileCoordinate>
												<cTileCoordinate>
													<Distance d:type="sFloat32" d:alt_encoding="000000608FE68F40" d:precision="string">1020.82</Distance>
												</cTileCoordinate>
											</TileCoordinate>
										</cFarCoordinate>
									</Z>
								</cFarVector2>
							</RFarPosition>
						</cFarMatrix>
					</RFarMatrix>
				</cPosOri>
				<cScriptComponent d:id="152950966">
					<DebugDisplay d:type="bool">1</DebugDisplay>
					<StateName d:type="cDeltaString"></StateName>
				</cScriptComponent>
			</Component>
			<BlueprintID>
				<iBlueprintLibrary-cAbsoluteBlueprintID>
					<BlueprintSetID>
						<iBlueprintLibrary-cBlueprintSetID>
							<Provider d:type="cDeltaString">Kuju</Provider>
							<Product d:type="cDeltaString">RailSimulatorCore</Product>
						</iBlueprintLibrary-cBlueprintSetID>
					</BlueprintSetID>
					<BlueprintID d:type="cDeltaString">Editor\Gizmo\Scenario Markers\Standard Scenario Marker.xml</BlueprintID>
				</iBlueprintLibrary-cAbsoluteBlueprintID>
			</BlueprintID>
			<ReskinBlueprintID>
				<iBlueprintLibrary-cAbsoluteBlueprintID>
					<BlueprintSetID>
						<iBlueprintLibrary-cBlueprintSetID>
							<Provider d:type="cDeltaString"></Provider>
							<Product d:type="cDeltaString"></Product>
						</iBlueprintLibrary-cBlueprintSetID>
					</BlueprintSetID>
					<BlueprintID d:type="cDeltaString"></BlueprintID>
				</iBlueprintLibrary-cAbsoluteBlueprintID>
			</ReskinBlueprintID>
			<Name d:type="cDeltaString">Standard Scenario Marker</Name>
			<EntityID>
				<cGUID>
					<UUID>
						<e d:type="sUInt64">5174806692150341086</e>
						<e d:type="sUInt64">13396899554197425305</e>
					</UUID>
					<DevString d:type="cDeltaString">eaef6dde-9b44-47d0-99cc-862b2a59ebb9</DevString>
				</cGUID>
			</EntityID>
		</cOwnedEntity>
	</Gizmo>
	<SimulationTime d:type="sFloat32" d:alt_encoding="0000000000000000" d:precision="string">0</SimulationTime>
	<AuthoredLanguage d:type="cDeltaString">en</AuthoredLanguage>
	<Version d:type="sFloat32" d:alt_encoding="000000000000F03F" d:precision="string">1</Version>
	<Author d:type="cDeltaString">georgejkaye</Author>
	<DispatcherVersion d:type="cDeltaString">V1</DispatcherVersion>
	<RBlueprintSetPreLoad>
		<iBlueprintLibrary-cBlueprintSetID d:id="193976564">
			<Provider d:type="cDeltaString">DTG</Provider>
			<Product d:type="cDeltaString">Class150Pack01</Product>
		</iBlueprintLibrary-cBlueprintSetID>
		<iBlueprintLibrary-cBlueprintSetID d:id="193976566">
			<Provider d:type="cDeltaString">AP</Provider>
			<Product d:type="cDeltaString">C150EP</Product>
		</iBlueprintLibrary-cBlueprintSetID>
		<iBlueprintLibrary-cBlueprintSetID d:id="193976568">
			<Provider d:type="cDeltaString">AP</Provider>
			<Product d:type="cDeltaString">C43MTUEP</Product>
		</iBlueprintLibrary-cBlueprintSetID>
		<iBlueprintLibrary-cBlueprintSetID d:id="193976570">
			<Provider d:type="cDeltaString">AP</Provider>
			<Product d:type="cDeltaString">C66P</Product>
		</iBlueprintLibrary-cBlueprintSetID>
		<iBlueprintLibrary-cBlueprintSetID d:id="193976572">
			<Provider d:type="cDeltaString">Thomson_Oovee</Provider>
			<Product d:type="cDeltaString">Class150Pack01</Product>
		</iBlueprintLibrary-cBlueprintSetID>
		<iBlueprintLibrary-cBlueprintSetID d:id="193976574">
			<Provider d:type="cDeltaString">superalbs</Provider>
			<Product d:type="cDeltaString">gwr150</Product>
		</iBlueprintLibrary-cBlueprintSetID>
		<iBlueprintLibrary-cBlueprintSetID d:id="193976576">
			<Provider d:type="cDeltaString">DTG</Provider>
			<Product d:type="cDeltaString">Class143Pack03</Product>
		</iBlueprintLibrary-cBlueprintSetID>
		<iBlueprintLibrary-cBlueprintSetID d:id="193976578">
			<Provider d:type="cDeltaString">AP</Provider>
			<Product d:type="cDeltaString">C170EP</Product>
		</iBlueprintLibrary-cBlueprintSetID>
		<iBlueprintLibrary-cBlueprintSetID d:id="193976580">
			<Provider d:type="cDeltaString">Thomson</Provider>
			<Product d:type="cDeltaString">Class170Pack01</Product>
		</iBlueprintLibrary-cBlueprintSetID>
		<iBlueprintLibrary-cBlueprintSetID d:id="193976582">
			<Provider d:type="cDeltaString">JustTrains</Provider>
			<Product d:type="cDeltaString">Voyager</Product>
		</iBlueprintLibrary-cBlueprintSetID>
		<iBlueprintLibrary-cBlueprintSetID d:id="193976584">
			<Provider d:type="cDeltaString">RSC</Provider>
			<Product d:type="cDeltaString">ECMLS</Product>
		</iBlueprintLibrary-cBlueprintSetID>
		<iBlueprintLibrary-cBlueprintSetID d:id="193976586">
			<Provider d:type="cDeltaString">RSC</Provider>
			<Product d:type="cDeltaString">Class66Pack02</Product>
		</iBlueprintLibrary-cBlueprintSetID>
	</RBlueprintSetPreLoad>
	<NamedEntity>
		<cScenarioProperties-cGuidToNameMapping d:id="194139302">
			<Guid>
				<cGUID>
					<UUID>
						<e d:type="sUInt64">5082121172360445240</e>
						<e d:type="sUInt64">14543730424732158143</e>
					</UUID>
					<DevString d:type="cDeltaString">b0093d38-5247-4687-bf88-33ebc3b5d5c9</DevString>
				</cGUID>
			</Guid>
			<Name d:type="cDeltaString">TSR 10mph</Name>
		</cScenarioProperties-cGuidToNameMapping>
		<cScenarioProperties-cGuidToNameMapping d:id="194139224">
			<Guid>
				<cGUID>
					<UUID>
						<e d:type="sUInt64">4900136871907781067</e>
						<e d:type="sUInt64">11793018887940842389</e>
					</UUID>
					<DevString d:type="cDeltaString">e0db69cb-c885-4400-95a3-2f4d3238a9a3</DevString>
				</cGUID>
			</Guid>
			<Name d:type="cDeltaString">TSR 10mph (Main Line Down)</Name>
		</cScenarioProperties-cGuidToNameMapping>
		<cScenarioProperties-cGuidToNameMapping d:id="194139242">
			<Guid>
				<cGUID>
					<UUID>
						<e d:type="sUInt64">4844368644703414371</e>
						<e d:type="sUInt64">6316441870109053341</e>
					</UUID>
					<DevString d:type="cDeltaString">a4966863-a79d-433a-9d11-41386a82a857</DevString>
				</cGUID>
			</Guid>
			<Name d:type="cDeltaString">TSR 10mph (Main Line Up)</Name>
		</cScenarioProperties-cGuidToNameMapping>
		<cScenarioProperties-cGuidToNameMapping d:id="194139308">
			<Guid>
				<cGUID>
					<UUID>
						<e d:type="sUInt64">5719943906229248993</e>
						<e d:type="sUInt64">13594360436510659968</e>
					</UUID>
					<DevString d:type="cDeltaString">59f463e1-52ad-4f61-8095-d77ecadea8bc</DevString>
				</cGUID>
			</Guid>
			<Name d:type="cDeltaString">TSR End</Name>
		</cScenarioProperties-cGuidToNameMapping>
		<cScenarioProperties-cGuidToNameMapping d:id="194139800">
			<Guid>
				<cGUID>
					<UUID>
						<e d:type="sUInt64">4736691989051314871</e>
						<e d:type="sUInt64">1864572768068177057</e>
					</UUID>
					<DevString d:type="cDeltaString">99d792b7-1c44-41bc-a10c-92ba0d4be019</DevString>
				</cGUID>
			</Guid>
			<Name d:type="cDeltaString">TSR End (Main Line Up)</Name>
		</cScenarioProperties-cGuidToNameMapping>
		<cScenarioProperties-cGuidToNameMapping d:id="194139722">
			<Guid>
				<cGUID>
					<UUID>
						<e d:type="sUInt64">5692444872328203827</e>
						<e d:type="sUInt64">11905912589638455176</e>
					</UUID>
					<DevString d:type="cDeltaString">969dce33-a073-4eff-884f-40886b4c3aa5</DevString>
				</cGUID>
			</Guid>
			<Name d:type="cDeltaString">TSR Warning</Name>
		</cScenarioProperties-cGuidToNameMapping>
	</NamedEntity>
	<Condition/>
	<DeferredEvent/>
	<CheckedCondition/>
	<CareerRules>
		<d:nil/>
	</CareerRules>
	<MD5 d:type="cDeltaString">D10E364046AF97BEF1D133B36BE29A2A</MD5>
	<MessageEvent>
		<cScenarioProperties-cMessageEvent d:id="193208170">
			<Name d:type="cDeltaString">0</Name>
			<Id d:type="sInt32">1008</Id>
		</cScenarioProperties-cMessageEvent>
		<cScenarioProperties-cMessageEvent d:id="193208266">
			<Name d:type="cDeltaString">0</Name>
			<Id d:type="sInt32">1011</Id>
		</cScenarioProperties-cMessageEvent>
		<cScenarioProperties-cMessageEvent d:id="193208222">
			<Name d:type="cDeltaString">0</Name>
			<Id d:type="sInt32">1015</Id>
		</cScenarioProperties-cMessageEvent>
	</MessageEvent>
	<SimpleControlsOnly d:type="bool">0</SimpleControlsOnly>
	<ExpertControlsOnly d:type="bool">0</ExpertControlsOnly>
	<LocksScenario/>
	<StartDestString/>
	<TemplateStartDestMapping/>
	<IsTemplateGenerated d:type="bool">0</IsTemplateGenerated>
	<TemplateScenarioGUID>
		<cGUID>
			<UUID>
				<e d:type="sUInt64">0</e>
				<e d:type="sUInt64">0</e>
			</UUID>
			<DevString d:type="cDeltaString">00000000-0000-0000-0000-000000000000</DevString>
		</cGUID>
	</TemplateScenarioGUID>
	<WorkshopId d:type="sUInt64">0</WorkshopId>
	<WorkshopBy d:type="sUInt64">0</WorkshopBy>
	<WorkshopTags d:type="cDeltaString"></WorkshopTags>
	<StartInCab d:type="bool">0</StartInCab>
	<IsClonedDLC d:type="bool">0</IsClonedDLC>
	<StartLongitude d:type="sFloat64" d:alt_encoding="0000000000000000" d:precision="string">0</StartLongitude>
	<StartLatitude d:type="sFloat64" d:alt_encoding="0000000000000000" d:precision="string">0</StartLatitude>
	<StartHeight d:type="sFloat32" d:alt_encoding="0000000000000000" d:precision="string">0</StartHeight>
	<QuickDriveStartName d:type="cDeltaString"></QuickDriveStartName>
	<QuickDriveEndName d:type="cDeltaString"></QuickDriveEndName>
	<QuickDrivePlayerConsistName d:type="cDeltaString"></QuickDrivePlayerConsistName>
</cScenarioProperties>

